pos,mut_type,aa,score_30,score_30_MTX,score_37,score_37_MTX
1,ins,M,0.993,0.979,0.993,1.008
2,ins,V,1.012,0.996,1.004,1.013
4,ins,S,1.006,1.01,1.002,0.998
5,ins,L,0.794,0.727,-0.025,0.751
6,ins,N,-0.09,0.484,-0.103,0.229
7,ins,C,-0.04,0.52,-0.131,0.155
8,ins,I,0.012,0.278,-0.102,-0.07
9,ins,V,0.635,0.711,-0.093,0.79
10,ins,A,0.395,0.727,-0.1,0.798
11,ins,V,0.843,0.816,-0.06,0.964
12,ins,S,0.991,0.919,0.917,1.04
13,ins,Q,0.941,0.915,0.264,0.955
14,ins,N,1.001,0.975,0.884,1.039
15,ins,M,0.803,0.834,-0.041,0.935
17,ins,I,0.907,0.845,-0.026,0.989
19,ins,K,0.972,0.937,0.56,0.978
20,ins,N,0.967,0.936,0.526,0.979
22,ins,D,0.967,0.953,0.303,0.955
23,ins,L,0.629,0.659,-0.1,0.63
24,ins,P,0.874,0.764,0.041,0.979
25,ins,W,1.004,0.912,0.876,1.083
26,ins,P,0.969,0.881,0.842,1.037
27,ins,P,0.894,0.806,0.046,0.992
28,ins,L,0.941,0.819,0.441,1.008
29,ins,R,0.937,0.812,0.343,0.972
30,ins,N,0.825,0.7,-0.158,0.955
31,ins,E,0.984,0.893,0.87,1.062
32,ins,F,1.018,0.921,0.937,1.105
33,ins,R,0.947,0.82,0.649,0.972
34,ins,Y,0.56,0.477,-0.108,0.188
35,ins,F,0.374,0.229,-0.074,-0.074
36,ins,Q,0.151,0.096,-0.089,-0.108
37,ins,R,0.017,-0.01,-0.138,-0.081
38,ins,M,-0.083,0.3975,-0.093,0.1275
39,ins,T,0.8925,0.8895,0.3785,0.894
40,ins,T,0.9375,0.942,0.871,0.876
41,ins,T,0.864,0.9,0.585,0.823
42,ins,S,0.835,0.868,0.291,0.876
43,ins,S,0.975,0.986,0.929,0.938
44,ins,V,0.896,0.914,0.759,0.881
45,ins,E,0.867,0.884,0.597,0.876
47,ins,K,0.437,0.546,-0.118,0.444
48,ins,Q,-0.098,0.078,-0.112,0.101
49,ins,N,-0.099,0.015,-0.121,-0.014
50,ins,L,-0.078,-0.073,-0.101,-0.127
51,ins,V,-0.067,-0.088,-0.104,-0.131
52,ins,I,-0.072,-0.08,-0.097,-0.124
53,ins,M,-0.099,-0.138,-0.145,-0.198
55,ins,K,-0.129,-0.123,-0.139,-0.195
56,ins,K,-0.103,-0.12,-0.107,-0.178
57,ins,T,NA,NA,NA,NA
58,ins,W,-0.154,-0.127,-0.165,-0.189
59,ins,F,-0.025,0.039,-0.1,0.106
60,ins,S,0.08,0.137,-0.112,0.044
61,ins,I,0.153,0.262,-0.132,0.59
62,ins,P,-0.017,0.09,-0.104,0.387
63,ins,E,0.105,0.222,-0.137,0.364
64,ins,K,-0.036,0.056,-0.1,0.301
65,ins,N,-0.059,0.087,-0.121,0.285
66,ins,R,0.398,0.515,-0.141,0.871
67,ins,P,0.25,0.461,-0.085,0.879
68,ins,L,0.071,0.47,-0.163,0.405
69,ins,K,-0.058,0.296,-0.124,0.253
71,ins,R,-0.028,0.317,-0.152,0.14
72,ins,I,-0.109,-0.167,-0.167,-0.228
73,ins,N,-0.125,-0.108,-0.114,-0.187
74,ins,L,-0.078,-0.085,-0.102,-0.15
75,ins,V,-0.056,-0.033,-0.087,-0.136
76,ins,L,-0.067,-0.034,-0.0845,-0.074
77,ins,S,0.1165,0.259,-0.1165,0.237
78,ins,R,0.372,0.501,-0.009,0.444
79,ins,E,0.385,0.509,-0.092,0.472
80,ins,L,0.118,0.277,-0.103,0.2
81,ins,K,0.206,0.298,-0.091,0.267
82,ins,E,0.021,0.12,-0.083,0.106
83,ins,P,-0.048,-0.055,-0.107,-0.069
84,ins,P,-0.056,-0.033,-0.11,-0.104
85,ins,Q,-0.061,-0.061,-0.098,-0.09
87,ins,A,-0.054,-0.074,-0.155,-0.116
88,ins,H,-0.088,-0.087,-0.076,-0.096
89,ins,F,-0.075,-0.04,-0.088,-0.113
90,ins,L,-0.095,-0.105,-0.161,-0.139
91,ins,S,-0.058,-0.121,-0.143,-0.131
92,ins,R,-0.097,-0.103,-0.109,-0.106
93,ins,S,-0.078,-0.119,-0.128,-0.115
94,ins,L,-0.074,-0.082,-0.107,-0.122
95,ins,D,-0.051,-0.11,-0.153,-0.139
96,ins,D,-0.113,-0.078,-0.117,-0.126
97,ins,A,-0.098,-0.128,-0.168,-0.141
98,ins,L,0.445,0.527,0.209,0.525
99,ins,K,0.214,0.298,-0.054,0.336
100,ins,L,0.278,0.316,0.016,0.3
101,ins,T,0.543,0.618,0.44,0.589
102,ins,E,0.425,0.505,0.213,0.483
103,ins,Q,0.412,0.494,0.188,0.454
104,ins,P,1.017,1.049,1.016,0.996
105,ins,E,0.688,0.772,0.617,0.719
106,ins,L,0.023,0.057,-0.07,0.027
107,ins,A,0.028,0.063,-0.058,0.048
108,ins,N,-0.018,0.023,-0.108,-0.012
109,ins,K,-0.055,0.013,-0.117,-0.031
110,ins,V,0.012,0.146,-0.114,0.093
111,ins,D,-0.039,0.048,-0.087,-0.003
112,ins,M,-0.0555,-0.058,-0.0865,-0.095
113,ins,V,-0.085,-0.0825,-0.133,-0.1
114,ins,W,-0.083,-0.0745,-0.087,-0.098
115,ins,I,-0.058,-0.037,-0.053,-0.056
116,ins,V,0.143,0.598,-0.079,0.344
119,ins,S,0.371,0.55,-0.076,0.34
120,ins,S,0.204,0.515,-0.081,0.31
121,ins,V,-0.113,0.086,-0.101,-0.103
122,ins,Y,-0.057,0.142,-0.047,-0.073
123,ins,K,-0.081,0.259,-0.069,-0.051
124,ins,E,-0.042,0.319,-0.062,0.009
125,ins,A,-0.071,0.343,-0.088,0.085
126,ins,M,0.783,0.784,0.571,0.743
127,ins,N,0.814,0.789,0.591,0.755
128,ins,H,0.882,0.881,0.709,0.881
129,ins,P,0.9,0.888,0.773,0.879
131,ins,H,0.889,0.872,0.819,0.864
132,ins,L,0.835,0.834,0.521,0.826
133,ins,K,0.233,0.5,-0.107,0.294
134,ins,L,-0.128,-0.029,-0.095,-0.077
135,ins,F,-0.094,-0.063,-0.073,-0.065
136,ins,V,-0.087,-0.065,-0.079,-0.08
137,ins,T,-0.116,-0.098,-0.1,-0.122
138,ins,R,-0.176,-0.001,-0.112,-0.132
139,ins,I,0.035,0.705,-0.081,0.64
140,ins,M,0.833,0.863,0.317,0.914
141,ins,Q,0.649,0.822,-0.063,0.87
142,ins,D,0.69,0.78,-0.135,0.847
143,ins,F,0.71,0.801,-0.086,0.84
144,ins,E,0.794,0.83,0.177,0.859
145,ins,S,0.234,0.755,-0.062,0.745
146,ins,D,0.239,0.739,-0.103,0.574
147,ins,T,0.186,0.712,-0.141,0.637
148,ins,F,0.022,0.679,-0.135,0.604
149,ins,F,0.609,0.768,-0.0735,0.705
150,ins,P,0.937,0.916,0.813,0.8635
151,ins,E,0.7825,0.805,0.314,0.7705
152,ins,I,0.786,0.846,0.355,0.827
153,ins,D,0.797,0.844,0.385,0.844
154,ins,L,0.938,0.945,0.854,0.923
155,ins,E,0.981,0.984,0.951,0.957
156,ins,K,0.951,0.954,0.948,0.92
157,ins,Y,0.494,0.735,-0.072,0.637
158,ins,K,-0.09,0.607,-0.13,0.439
159,ins,L,0.138,0.669,-0.096,0.601
160,ins,L,0.839,0.85,0.727,0.865
161,ins,P,0.809,0.834,0.585,0.832
162,ins,E,0.915,0.916,0.882,0.918
163,ins,Y,0.711,0.744,0.273,0.772
164,ins,P,0.88,0.886,0.766,0.924
166,ins,V,0.895,0.909,0.812,0.932
167,ins,L,0.848,0.87,0.654,0.887
168,ins,S,0.958,0.965,0.902,0.978
169,ins,D,0.92,0.935,0.793,0.953
170,ins,V,0.588,0.784,-0.017,0.766
171,ins,Q,0.688,0.792,0.03,0.819
172,ins,E,0.819,0.847,0.387,0.854
173,ins,E,0.72,0.8,0.01,0.808
174,ins,K,0.8,0.822,0.459,0.866
176,ins,I,0.487,0.77,-0.015,0.79
177,ins,K,-0.034,0.662,-0.056,0.494
178,ins,Y,-0.05,0.223,-0.067,-0.017
179,ins,K,-0.085,0.044,-0.125,-0.116
180,ins,F,-0.071,0.493,-0.098,0.101
181,ins,E,0.056,0.631,-0.074,0.463
182,ins,V,-0.07,0.001,-0.104,-0.095
183,ins,Y,0.744,0.764,0.393,0.716
184,ins,E,0.876,0.886,0.874,0.858
185,ins,K,1.015,1.016,1.016,1.019
186,ins,N,1.031,1.035,1.03,1.037
187,ins,D,1.013,1.017,1.016,1.017
