pos,plddt,dplddt,ddg
1,95.823951908752,0.309278811590829,-5.73880465949821
2,95.7222758651334,0.20760276797219,-3.73542473118266
3,96.5916302639808,1.07695716681965,-12.9791899641576
4,96.4998066937328,0.985133596571558,-11.4010842293907
5,96.1910329576421,0.676359860480886,-5.60408422939065
6,95.9164578244765,0.401784727315274,-12.234541218638
7,95.6819769117,0.167303814538812,-2.56181541218621
8,94.3454033488357,-1.16926974832549,2.84844982078857
9,93.6698683971991,-1.84480469996205,6.66820967741944
10,95.2813043300424,-0.233368767118833,1.75426523297483
11,95.6863674101887,0.17169431302753,3.23853584229403
12,95.8573080002212,0.342634903060002,-0.0309480286738335
13,95.9577873626541,0.443114265492909,-7.76865949820785
14,95.7394303318251,0.224757234663898,1.91009856630831
15,95.8891695235995,0.37449642643827,-0.640876344085882
16,95.0603425245809,-0.454330572580304,0.941250896057454
17,94.0856034752676,-1.42906962189355,-8.37992831541214
18,94.5172125012989,-0.997460595862293,-4.05815053763433
19,95.696077514085,0.18140441692384,-11.8337311827956
20,95.7720787540088,0.257405656847595,-7.28507347670256
21,95.3719309739493,-0.142742123211875,-2.27595340501784
22,95.6532551792775,0.138582082116315,2.32531899641583
23,95.0687919069491,-0.445881190212106,-1.05576164874549
24,95.1893854049061,-0.325287692255117,-6.39598566308234
25,95.0419782754955,-0.472694821665684,-4.9445573476703
26,95.6181495883107,0.103476491149522,-10.3497956989246
27,95.6533136104844,0.138640513323253,-12.1681863799282
28,94.7914484816499,-0.723224615511299,-4.7186827956989
29,95.6367385389875,0.122065441826351,-8.40774372759859
30,95.5537745751058,0.039101477944655,-8.77504121863797
31,94.8941783877507,-0.620494709410522,-7.84171684587795
32,95.0812026044965,-0.433470492664696,-11.0756774193549
33,94.1913926109114,-1.32328048624979,-0.1911379928315
34,92.779260820854,-2.73541227630722,1.20097311827965
35,93.7728524852628,-1.74182061189842,3.9382777777779
36,95.6428865472676,0.128213450106372,9.63004838709696
37,95.6981517842611,0.183478687099893,-0.409304659498162
38,95.8502222118392,0.335549114678045,3.37627240143365
39,96.0688239380908,0.55415084092958,-9.24622759856629
40,95.9820187235055,0.467345626344326,-9.1946182795698
41,96.0293447481081,0.514671650946923,-7.82931720430111
42,95.947940569748,0.433267472586778,-4.72136379928304
43,95.901385537938907,0.386712440777757,-2.01287992831544
44,95.8637672674153,0.349094170254091,-6.90772222222222
45,96.027416194031,0.512743096869798,-11.101146953405
46,95.6609256552735,0.146252558112266,-3.6596863799283
47,95.4353780487361,-0.0792950484250809,-6.78741218637992
48,95.2826384198242,-0.232034677336983,-1.0822365591398
49,95.2710611783808,-0.243611918780374,-4.87652688172034
50,93.3462616733947,-2.16841142376646,19.6425913978495
51,94.0494306124012,-1.46524248476,10.2909157706094
52,94.3433555518373,-1.17131754532392,9.94674193548383
53,94.9746346549719,-0.540038442189271,-0.081551971326121
54,95.8503629719683,0.33568987480713,-5.48343906810032
55,95.7469148250464,0.232241727885253,-9.90675985663086
56,95.7112298573071,0.196556760145938,-6.09939964157695
57,95.1690098898479,-0.345663207313308,-4.9425465949821
58,94.7699608969055,-0.744712200255734,10.672958781362
59,95.2045821843508,-0.310090912810438,7.56567562724013
60,94.9274559215874,-0.587217175573755,2.80253763440862
61,95.1086284025634,-0.406044694597767,-4.60876164874549
62,95.9046290636662,0.389955966505028,-6.83902150537631
63,95.5616036886164,0.0469305914552081,-4.25956093189961
64,95.0998062692236,-0.414866827937558,-2.99747849462358
65,95.1345964925464,-0.380076604614786,1.73717383512542
66,95.1306853681525,-0.383987729008723,-5.7987921146954
67,95.5303011899116,0.0156280927503616,-2.36476164874546
68,95.6915239800939,0.176850882932669,-7.52971505376331
69,95.4937855538767,-0.0208875432845304,1.1403154121864
70,95.7839103728925,0.269237275731314,0.706663082437331
71,95.7256146684359,0.210941571274731,1.49990501792126
72,94.4801607864718,-1.03451231068935,6.56130465949821
73,93.1854555357171,-2.3292175614441,15.5617688172043
74,93.1207043195619,-2.3939687775993,12.9035537634409
75,93.4985769665142,-2.01609613064696,14.5751594982079
76,94.6446979093921,-0.869975187769128,13.8904982078855
77,94.9518856834502,-0.562787413711021,-5.83565591397848
78,95.9564145935891,0.441741496427881,-10.9453136200716
79,95.6640454117584,0.149372314597201,4.14840143369179
80,95.6425113636061,0.127838266444911,-1.11541397849453
81,95.2299311689707,-0.284741928190456,1.30251612903237
82,95.2123530696645,-0.302320027496663,2.09776881720438
83,95.7593228509258,0.244649753764591,-7.3668440860215
84,95.2155088761405,-0.299164221020732,-7.37589247311826
85,95.9209181140522,0.40624501689102,-9.81828673835116
86,95.9644539627932,0.449780865632022,-7.29512724014342
87,94.9153252007462,-0.599347896415011,6.04454121863796
88,95.8086198397939,0.29394674263267,3.35214336917568
89,95.7528854975778,0.238212400416558,2.26533154121876
90,95.5218777713489,0.00720467418773296,6.1082150537635
91,95.0164555372075,-0.498217559953702,11.5677437275987
92,94.7193871920079,-0.79528590515325,9.86765232974915
93,95.2231211582698,-0.29155193889143,3.21139068100354
94,93.7425144695452,-1.77215862761599,3.11923118279572
95,94.9320353838962,-0.582637713265001,6.03180645161297
96,94.9305490187815,-0.584124078379659,3.92654838709689
97,93.911229307741,-1.60344378942017,7.31299103942661
98,93.2670734957547,-2.24759960140645,11.5948888888889
99,94.001861206880207,-1.51281189028101,8.57540860215056
100,94.0774442294372,-1.43722886772402,8.21246774193548
101,94.4651740384579,-1.04949905870332,-4.25553942652334
102,94.6227332593708,-0.891939837790375,-0.0748494623655915
103,94.6906576379618,-0.824015459199401,1.56558960573489
104,95.8703984091826,0.355725312021391,-2.33527060931897
105,95.8264705204076,0.311797423246375,3.4536863799284
106,94.5673866977154,-0.947286399445773,2.37960931899647
107,95.1919020607788,-0.32277103638242,4.28747849462366
108,95.3814640005836,-0.133209096577559,-3.10270788530454
109,95.5854571117949,0.0707840146337162,-1.9123422939067
110,95.8788795038813,0.364206406720058,12.9591845878136
111,95.0839545990164,-0.430718498144799,12.916958781362
112,95.0832944479263,-0.431378649234844,8.40583512544811
113,95.1005465388291,-0.414126558332043,10.2111559139786
114,94.8129847691152,-0.701688328046004,17.5145448028675
115,95.2056859735149,-0.308987123646247,12.203811827957
116,94.9642780376103,-0.550395059550894,8.5780896057347
117,95.1715802146852,-0.343092882476014,-4.03904838709661
118,95.1144673534829,-0.400205743678285,-3.48508602150537
119,95.1659030858743,-0.348770011286845,-5.19020430107525
120,95.0535391260456,-0.461133971115601,-1.18512007168454
121,95.1880348013813,-0.326638295779929,-1.72366666666676
122,94.3039509534306,-1.21072214373059,3.62292473118282
123,94.3209839791829,-1.19368911797827,-0.794698924731165
124,95.1592529400023,-0.355420157158903,7.02846953405015
125,94.3941448642983,-1.12052823286285,8.38036559139789
126,95.2137732901612,-0.300899806999951,0.830659498207979
127,95.3902586647891,-0.124414432372077,-1.00515770609309
128,95.0797311754872,-0.43494192167401,8.26508243727596
129,95.4413639457636,-0.0733091513975808,3.61689247311824
130,95.6948448152344,0.180171718073183,-4.11880824372747
131,95.7738493902135,0.259176293052278,-9.0689462365591
132,95.1075164337099,-0.407156663451246,-0.213926523297459
133,95.2293841258376,-0.285288971323553,-4.28335483870956
134,94.5576443838668,-0.957028713294349,6.01437992831541
135,94.4284392043194,-1.08623389284175,12.9293584229391
136,92.947131487369,-2.56754160979219,20.1694086021506
137,94.1609744934636,-1.35369860369758,1.35446057347679
138,95.7408033250518,0.226130227890621,-10.9687724014337
139,95.7814816994475,0.266808602286304,-5.34000537634415
140,95.6548580113212,0.140184914160002,4.35383333333345
141,95.3464711546057,-0.168201942555456,8.23927777777772
142,95.5469010096538,0.0322279124926439,-5.40468458781356
143,94.7227040191623,-0.791969077998942,-2.74579928315404
144,93.4293007711897,-2.08537232597145,9.39210931899652
145,93.452294324731,-2.06237877243021,11.5503172043011
146,94.7814924444833,-0.733180652677902,-0.472978494623703
147,94.7225534283322,-0.792119668828946,-0.314464157706084
148,94.8313799412774,-0.683293155883788,7.79590681003594
149,94.909154497982,-0.605518599179206,9.39747132616492
150,95.6454040462219,0.130730949060748,-1.32084587813608
151,95.3786817261502,-0.135991371010959,-3.50150716845883
152,95.0920635100236,-0.422609587137586,1.07060931899639
153,95.2445012776075,-0.27017181955371,1.44192831541216
154,95.7242333792176,0.209560282056415,-4.59100000000001
155,95.7159434904446,0.201270393283437,0.92147849462367
156,95.7286425517497,0.213969454588536,-3.39058064516121
157,94.4070077201303,-1.10766537703087,8.29490860215049
158,94.8166737010462,-0.697999396115009,-1.25750716845869
159,95.3936707689679,-0.121002328193313,-0.0755197132615422
160,95.3321252943403,-0.182547802820906,-0.910652329749155
161,95.7377009735414,0.223027876380172,-9.3983745519713
162,95.5928827022391,0.078209605077916,-3.8688046594981
163,95.4927779992488,-0.0218950979123633,-4.04038888888886
164,95.3534621686855,-0.161210928475725,8.7268853046595
165,95.1891545449693,-0.325518552191852,5.07066666666674
166,95.6148070113481,0.10013391418687,-15.2198387096774
167,95.4576793193622,-0.0569937777989793,-7.74620609318993
168,95.1711323373524,-0.343540759808832,-7.47274372759841
169,95.1634477084979,-0.351225388663295,-13.1196075268817
170,95.2706169585846,-0.244056138576582,-11.2258136200717
171,94.7874345253249,-0.727238571836267,-8.3561344086022
172,94.3927820316444,-1.12189106551683,-6.08666487455196
173,94.4318103454908,-1.08286275167035,-8.9908620071684
174,95.4388020966823,-0.0758710004789407,1.20734050179215
175,95.4134062809601,-0.101266816201075,10.1876971326166
176,95.3833726041861,-0.131300492975072,8.80530465949823
177,95.3474821923776,-0.167190904783638,-2.52093010752685
178,93.2921045555675,-2.22256854159372,12.682035842294
179,93.5535446708055,-1.96112842635569,-0.447844086021405
180,92.6926683506317,-2.82200474652949,18.7628870967743
181,94.6491994196658,-0.86547367749543,11.8311523297491
182,95.1295770463969,-0.385096050764261,11.6991129032259
183,95.9034873508525,0.388814253691351,7.64744623655929
184,95.978818522822,0.464145425660817,-2.11442293906805
185,96.0157999386338,0.501126841472569,-3.129517921147
186,96.1329368003191,0.61826370315795,-12.7063978494624
187,95.7471859385963,0.232512841435081,-4.62350716845879
