pos,del_freq,score_30,score_30_MTX,score_37,score_37_MTX
1,148,0.996159959,0.998678017,0.997407063,1.01141411
2,133,0.992161711,0.997162103,0.99845162,1.004350989
3,113,1.042850662,1.059180997,1.030175537,1.069105123
4,82,0.966229168,0.961114943,0.978246877,0.983503513
5,72,0.885507497,0.88209045,0.273941808,0.808309848
6,72,-0.123514461,0.251843669,-0.091707423,0.015517234
7,65,0.261424186,0.223666989,-0.107068927,-0.114103396
8,60,-0.030033954,0.018064204,-0.111834926,-0.096881267
9,60,0.524910722,0.301337774,-0.104627942,-0.06381712
10,60,0.871068077,0.595691926,-0.0248805,-0.008704715
11,60,0.552520381,0.556729709,-0.082019947,0.044349434
12,60,0.12143373,0.569024412,-0.070721309,0.421610635
13,58,0.60946783,0.78236268,-0.056350624,0.839721695
14,58,0.392215264,0.723914575,-0.112027122,0.758434277
15,58,0.407351906,0.75122957,-0.12192284,0.805023489
16,60,0.178420694,0.170740466,-0.066930473,-0.027490598
17,58,0.286476477,0.073138242,-0.041972901,-0.059480202
18,58,0.766925823,0.409663492,-0.11311007,0.415911396
19,60,0.594736936,0.730341348,-0.056880567,0.842737126
20,58,0.52920332,0.674245774,-0.093158977,0.805679845
21,58,0.300438868,0.579801786,-0.048584055,0.515394579
22,57,0.774174006,0.795102315,-0.002752202,0.928123718
23,58,0.7915819,0.783423939,-0.009405532,0.523311146
24,56,0.776337931,0.697426073,-0.055246629,0.562423141
25,57,0.724142669,0.641151991,-0.044753521,-0.000494355
26,92,0.942716347,0.939031148,0.391359694,0.982771857
28,60,0.569306952,0.473559022,-0.079173788,0.02139103
29,56,0.949339487,0.870515131,0.243094742,1.060372905
31,58,0.892581067,0.773804947,0.204635342,0.861963986
32,57,0.936004679,0.803611705,0.651584378,0.879720795
33,57,0.893521315,0.731243166,0.194182253,0.409913929
34,57,0.490554528,0.358987278,-0.142643768,-0.095859537
35,55,0.554631054,0.395517447,-0.05394861,0.022528402
36,57,0.71495709,0.794557161,-0.017461275,0.670540967
37,58,0.846703936,0.849881072,0.115999086,0.84073195
38,58,0.789976855,0.850418913,0.601337553,0.808406884
39,57,0.988244229,0.994165886,0.993258592,0.981164349
40,80,0.985206291,0.989670379,0.996371586,0.987733932
41,93,0.954085799,0.990098674,0.984939609,0.960871854
42,108,0.953572189,0.97747689,0.980826411,0.942595745
43,119,0.940813031,0.971045941,0.979576449,0.93086552
44,118,0.993373497,0.993865805,0.997211897,0.976987206
45,123,0.978330279,0.981541499,0.991679889,0.963893888
46,117,0.736582782,0.842781823,0.655425941,0.769541239
47,93,-0.10036831,0.287621983,-0.135534231,0.189170302
48,82,-0.12569096,0.294156001,-0.112894255,0.20196147
49,66,-0.137450899,0.058377699,-0.100895977,0.01576022
50,56,-0.158722431,-0.106967493,-0.124802033,-0.180615309
51,40,-0.155705735,-0.110968432,-0.109669382,-0.16477386
52,38,-0.15239368,-0.091211213,-0.107075098,-0.160563615
53,36,-0.136367025,-0.104638342,-0.117313415,-0.150682801
54,34,-0.181964244,-0.137804556,-0.142119263,-0.212792247
55,33,-0.20199051,-0.169924949,-0.146201381,-0.240276929
56,32,-0.208466165,-0.106867492,-0.109161203,-0.227407963
58,31,-0.206212415,-0.131357864,-0.149208797,-0.204290072
59,31,-0.200367118,-0.156290147,-0.154160807,-0.282119865
60,30,-0.213131945,-0.114501099,-0.13163083,-0.236980334
61,33,-0.216194043,-0.119461667,-0.141421619,-0.20176288
62,42,-0.034255064,0.185208684,-0.135039977,0.544067015
63,71,-0.112703094,0.1388676,-0.15713011,0.414195969
64,83,-0.110490471,0.098211374,-0.120313857,0.348754091
65,77,-0.139807061,0.148358793,-0.171817859,0.476089667
66,44,-0.233186327,0.113413835,-0.145131669,0.314334495
67,29,0.208890962,0.454982605,-0.140092062,0.840609855
68,34,0.327773931,0.525749216,-0.135656375,0.423745722
69,33,-0.013300706,0.318004846,-0.142420986,-0.025684409
70,33,-0.188867598,-0.075388536,-0.107561413,-0.154331718
71,28,0.548967378,0.745575586,-0.078471716,0.976574661
72,27,-0.200753857,-0.118641329,-0.11303418,-0.170652761
73,29,-0.17199292,0.171508188,-0.131149489,-0.226562724
74,27,-0.149542737,-0.114198225,-0.120349664,-0.206578814
75,23,-0.125340388,-0.1074766,-0.118160248,-0.143970096
76,22,-0.143816957,-0.110075882,-0.118256527,-0.16865587
77,22,-0.12690276,-0.082894394,-0.127190375,-0.16821069
78,23,-0.066755453,-0.078917967,-0.059761395,-0.103683117
79,23,-0.052228209,-0.057460525,-0.117332812,-0.116310747
81,26,-0.068528781,-0.038669754,-0.139939757,-0.096451549
82,27,-0.094769085,-0.04927828,-0.167197375,-0.120574822
83,22,-0.078075591,-0.038573394,-0.11782775,-0.053771456
85,19,-0.07714598,-0.098873604,-0.150388865,-0.107841937
87,24,-0.075951431,-0.073170985,-0.109208336,-0.120791429
88,19,0.745063369,0.811891825,0.729344327,0.768175771
89,40,0.396935149,0.485747625,0.09626001,0.4206305
90,28,-0.08313332,-0.056236621,-0.121432569,-0.102338725
91,10,-0.073884883,-0.092334321,-0.133524508,-0.120864238
92,9,-0.06112935,-0.099312243,-0.102432776,-0.115263397
93,9,-0.093014919,-0.087757653,-0.157294674,-0.115621415
95,7,-0.064333299,-0.057948085,-0.136073167,-0.117638164
97,7,-0.068807217,-0.085093636,-0.138704661,-0.107680993
98,3,-0.049823398,-0.087371658,-0.102369083,-0.106296405
99,4,-0.051626878,-0.064473866,-0.11203198,-0.097313937
100,9,-0.00652382,-0.051838229,-0.073852748,-0.064382089
101,10,0.00913468,0.012423534,-0.077769841,-0.018136828
102,11,0.002795182,0.0198105,-0.074619534,-0.016006716
103,18,-0.031634733,0.017256032,-0.098110423,-0.010031018
104,37,0.967161607,0.976189912,0.974982633,0.979927524
105,44,0.249974463,0.325106049,-0.032445153,0.307155263
109,51,0.533023813,0.645053138,0.486560746,0.536897434
111,24,-0.066773334,-0.071171677,-0.105457641,-0.10089095
112,18,-0.057329133,0.263707915,-0.109434634,0.156695502
113,4,-0.059320933,-0.05797415,-0.091005896,-0.074319981
114,2,-0.059087241,-0.073055414,-0.077055692,-0.10020058
115,12,-0.082963855,-0.031533268,-0.057707759,-0.040392141
116,8,-0.074581501,-0.010434084,-0.077928642,-0.051503362
117,3,0.511507446,0.680649153,-0.079440909,0.579763767
119,3,0.516502967,0.716805455,-0.081061755,0.701733657
120,2,0.522423894,0.72050758,-0.093377583,0.69551744
121,1,-0.093867913,0.544783502,-0.054563341,0.249902537
122,2,0.814737287,0.812038739,0.234293461,0.776726642
123,2,0.312941657,0.514072785,-0.119744949,0.362506711
124,3,-0.032212198,0.420942848,-0.081136876,0.228153686
125,4,-0.10129203,0.246967334,-0.083318497,-0.029880071
127,46,-0.090344818,0.159800743,-0.086811564,-0.064169231
128,60,-0.073955282,0.194555125,-0.07725136,-0.069664223
129,69,0.892857915,0.886847499,0.765632141,0.882220525
130,53,1.008103018,1.009627517,1.002975153,1.003250842
131,48,0.951484333,0.9486758,0.900913699,0.959924142
132,50,0.917793446,0.881128361,0.783810422,0.844972523
133,45,0.530272188,0.551509506,-0.127415364,0.415106614
134,41,-0.050914653,0.16321255,-0.082225557,-0.072208063
135,43,-0.101579508,-0.081103836,-0.087767866,-0.101840029
136,43,-0.137720497,-0.097289254,-0.105654781,-0.077128146
137,43,-0.10693348,-0.083180343,-0.103699184,-0.134878652
138,49,-0.1127711,-0.058211527,-0.100543523,-0.060997076
139,50,-0.071069757,0.621177286,-0.10414685,0.168486985
140,52,0.074260575,0.651061878,-0.06861673,0.196115666
141,51,0.190744845,0.596029295,-0.047690866,0.032520822
143,52,0.327441388,0.336574522,-0.141354146,-0.081467617
145,49,-0.120579411,-0.06286685,-0.086956485,-0.086215999
146,51,-0.059830105,-0.057700162,-0.098146961,-0.055441509
149,51,0.026991231,0.729671201,-0.064973112,0.623086148
150,53,0.872034772,0.869015197,0.845053171,0.886050094
151,52,0.932420526,0.922969507,0.890365149,0.903565914
152,60,0.868850488,0.896626836,0.728996419,0.906081255
153,60,0.697250012,0.749662155,0.212857256,0.749573016
154,65,0.932225761,0.930948624,0.939683316,0.976962411
155,64,0.842544835,0.854743293,0.709865557,0.883181069
156,67,0.805721758,0.826213757,0.532662652,0.840497276
157,64,-0.063402213,0.662059176,-0.097744409,0.497494795
158,63,-0.031930115,0.666530954,-0.013647977,0.488663589
159,65,0.243705637,0.731109438,-0.079700076,0.655076979
161,65,0.943437957,0.944760994,0.921907328,0.982304624
162,67,0.876778605,0.885332985,0.748343804,0.911134562
163,78,0.818152376,0.836003873,0.640008371,0.873155183
165,88,0.7730579,0.835683067,0.261784257,0.839671643
166,107,0.861050069,0.865394751,0.679160652,0.886698056
167,112,0.896803742,0.910821355,0.746936571,0.950057845
168,107,0.806664958,0.834373764,0.479280628,0.86879716
169,103,0.751709265,0.814939537,0.214266413,0.828535982
170,102,0.687577466,0.804443627,-0.022635162,0.788280898
171,86,0.503578739,0.746516364,-0.067668238,0.698372457
172,76,0.209448988,0.701202411,-0.087409811,0.610161162
177,74,-0.092398946,0.530703433,-0.042891635,0.192194154
178,70,-0.044879805,0.003364466,-0.062833293,-0.0360087
179,70,-0.048950562,-0.082550057,-0.113181916,-0.062999392
180,69,-0.022734036,-0.026787875,-0.063666485,-0.006981581
181,67,-0.039618184,-0.117669064,-0.08411271,-0.07896504
183,68,-0.048566672,-0.059695096,-0.10143362,-0.099792207
184,70,0.666716253,0.744073205,-0.014069513,0.640618209
185,73,0.920115635,0.919375091,0.884881674,0.883976944
186,92,1.004087306,1.000443129,1.001851694,0.999161293
187,150,1.042247363,1.045449674,1.042641153,1.049389182